{
  "i18n/i18n.properties": 1693970000000,
  "controller/App.controller.js": 1693970000000,
  "model/models.js": 1693970000000,
  "controller/Main.controller.js": 1697453517216,
  "utils/formatter.js": 1693970000000,
  "manifest.json": 1697454035948,
  "Component.js": 1693970000000,
  "Component-dbg.js": 1693970000000,
  "Component.js.map": 1697454036412,
  "model/models-dbg.js": 1693970000000,
  "model/models.js.map": 1697454036397,
  "controller/Main-dbg.controller.js": 1697453517216,
  "controller/Main.controller.js.map": 1697454036494,
  "utils/formatter-dbg.js": 1693970000000,
  "utils/formatter.js.map": 1697454036412,
  "controller/App-dbg.controller.js": 1693970000000,
  "controller/App.controller.js.map": 1697454036409,
  "Component-preload.js": 1697454037202,
  "Component-preload.js.map": 1697454037202,
  "view/fragments/channelFilter.fragment.xml": 1693970000000,
  "view/Main.view.xml": 1697204712541,
  "view/App.view.xml": 1693970000000,
  "css/style.css": 1693970000000,
  "index.html": 1693970000000
}