{
  "welcomeFile": "/index.html",
  "authenticationMethod": "route",
  "routes": [
    {
      "source": "^/v2/protection-rule/(.*)$",
      "authenticationType": "none",
      "destination": "protectionrulesapi"
    },
    {
      "source": "^/v2/disponibilita-marketplace/(.*)$",
      "destination": "srv-api",
      "authenticationType": "none",
      "csrfProtection": false
    },
    {
      "source": "^/v2/retail-sales/(.*)$",
      "destination": "srv-api",
      "authenticationType": "none",
      "csrfProtection": false
    },
    {
      "source": "^/v2/export-oda/(.*)$",
      "destination": "srv-api",
      "authenticationType": "none",
      "csrfProtection": false
    },
    {
      "source": "^/resources/(.*)$",
      "target": "/resources/$1",
      "authenticationType": "none",
      "destination": "ui5"
    },
    {
      "source": "^/test-resources/(.*)$",
      "target": "/test-resources/$1",
      "authenticationType": "none",
      "destination": "ui5"
    },
    {
      "source": "^(.*)$",
      "target": "$1",
      "service": "html5-apps-repo-rt",
      "authenticationType": "xsuaa"
    }
  ]
}
